Site,Name,Price,Stock,Link
"efantasy","Magic the Gathering Collector Booster - Innistrad
Remastered","29,99€","Διαθέσιμα: 8","https://www.efantasy.gr/el/%CF%80%CF%81%CE%BF%CF%8A%CF%8C%CE%BD%CF%84%CE%B1/magic-the-gathering/321346-magic-the-gathering-collector-booster-innistrad-remastered"

"efantasy","Magic the Gathering - Modern Horizons 3 Collector's
Commander Deck (Creative Energy)","149,99€","Διαθέσιμα: 1","https://www.efantasy.gr/el/%CF%80%CF%81%CE%BF%CF%8A%CF%8C%CE%BD%CF%84%CE%B1/magic-the-gathering/278481-magic-the-gathering-modern-horizons-3-collectors-commander-deck-creative-energy"

"efantasy","Magic the Gathering Draft Booster - Dominaria
Remastered","6,99€","Διαθέσιμα: 10+","https://www.efantasy.gr/el/%CF%80%CF%81%CE%BF%CF%8A%CF%8C%CE%BD%CF%84%CE%B1/magic-the-gathering/218618-magic-the-gathering-draft-booster-dominaria-remastered"

"efantasy","Magic the Gathering - Assassin's Creed
Bundle","69,99€","Διαθέσιμα: 1","https://www.efantasy.gr/el/%CF%80%CF%81%CE%BF%CF%8A%CF%8C%CE%BD%CF%84%CE%B1/magic-the-gathering/278885-magic-the-gathering-assassins-creed-bundle"

"efantasy","Magic the Gathering - Commander Masters Commander Deck
(Enduring Enchantments)","99,00€","Διαθέσιμα: 1","https://www.efantasy.gr/el/%CF%80%CF%81%CE%BF%CF%8A%CF%8C%CE%BD%CF%84%CE%B1/magic-the-gathering/233338-magic-the-gathering-commander-masters-commander-deck-enduring-enchantments"

"efantasy","Magic the Gathering - Commander Masters Commander Deck
(Planeswalker Party)","99,00€","Διαθέσιμα: 4","https://www.efantasy.gr/el/%CF%80%CF%81%CE%BF%CF%8A%CF%8C%CE%BD%CF%84%CE%B1/magic-the-gathering/233340-magic-the-gathering-commander-masters-commander-deck-planeswalker-party"

"efantasy","Magic the Gathering - Commander Starter Deck (First
Flight)","24,99€","Διαθέσιμα: 1","https://www.efantasy.gr/el/%CF%80%CF%81%CE%BF%CF%8A%CF%8C%CE%BD%CF%84%CE%B1/magic-the-gathering/217190-magic-the-gathering-commander-starter-deck-first-flight"

"efantasy","Magic the Gathering - Doctor Who Commander Deck
(Paradox Power)","59,99€","Διαθέσιμα: 1","https://www.efantasy.gr/el/%CF%80%CF%81%CE%BF%CF%8A%CF%8C%CE%BD%CF%84%CE%B1/magic-the-gathering/248308-magic-the-gathering-doctor-who-commander-deck-paradox-power"

"efantasy","Magic the Gathering - Duskmourn: House of Horror
Commander Deck (Death Toll)","44,99€","Διαθέσιμα: 1","https://www.efantasy.gr/el/%CF%80%CF%81%CE%BF%CF%8A%CF%8C%CE%BD%CF%84%CE%B1/magic-the-gathering/298891-magic-the-gathering-duskmourn-house-of-horror-commander-deck-death-toll"

"efantasy","Magic the Gathering - Kamigawa: Neon Dynasty Commander
Deck (Upgrades Unleashed)","39,99€","Διαθέσιμα: 1","https://www.efantasy.gr/el/%CF%80%CF%81%CE%BF%CF%8A%CF%8C%CE%BD%CF%84%CE%B1/magic-the-gathering/196091-magic-the-gathering-kamigawa-neon-dynasty-commander-deck-upgrades-unleashed"

"efantasy","Magic the Gathering - March of the Machine Commander
Deck (Call for Backup)","49,99€","Διαθέσιμα: 1","https://www.efantasy.gr/el/%CF%80%CF%81%CE%BF%CF%8A%CF%8C%CE%BD%CF%84%CE%B1/magic-the-gathering/224138-magic-the-gathering-march-of-the-machine-commander-deck-call-for-backup"

"efantasy","Magic the Gathering - Modern Horizons 3 Collector's
Commander Deck (Tricky Terrain)","149,99€","Διαθέσιμα: 1","https://www.efantasy.gr/el/%CF%80%CF%81%CE%BF%CF%8A%CF%8C%CE%BD%CF%84%CE%B1/magic-the-gathering/278483-magic-the-gathering-modern-horizons-3-collectors-commander-deck-tricky-terrain"

"efantasy","Magic the Gathering - March of the Machine Commander
Deck (Growing Threat)","49,99€","Διαθέσιμα: 2","https://www.efantasy.gr/el/%CF%80%CF%81%CE%BF%CF%8A%CF%8C%CE%BD%CF%84%CE%B1/magic-the-gathering/224136-magic-the-gathering-march-of-the-machine-commander-deck-growing-threat"

"efantasy","Magic the Gathering - Streets of New Capenna Commander
Deck (Bedecked Brokers)","49,99€","Διαθέσιμα: 2","https://www.efantasy.gr/el/%CF%80%CF%81%CE%BF%CF%8A%CF%8C%CE%BD%CF%84%CE%B1/magic-the-gathering/200531-magic-the-gathering-streets-of-new-capenna-commander-deck-bedecked-brokers"

"efantasy","Magic the Gathering - Tales of Middle-Earth Scene Box:
Flight of the Witch-King","44,99€","Διαθέσιμα: 2","https://www.efantasy.gr/el/%CF%80%CF%81%CE%BF%CF%8A%CF%8C%CE%BD%CF%84%CE%B1/magic-the-gathering/243980-magic-the-gathering-tales-of-middle-earth-scene-box-flight-of-the-witch-king"

"efantasy","Magic the Gathering - Tales of Middle-Earth Scene Box:
Gandalf in the Pelennor Fields","44,99€","Διαθέσιμα: 1","https://www.efantasy.gr/el/%CF%80%CF%81%CE%BF%CF%8A%CF%8C%CE%BD%CF%84%CE%B1/magic-the-gathering/243984-magic-the-gathering-tales-of-middle-earth-scene-box-gandalf-in-the-pelennor-fields"

"efantasy","Magic the Gathering - Outlaws of Thunder Junction
Commander Deck (Most Wanted)","49,99€","Διαθέσιμα: 2","https://www.efantasy.gr/el/%CF%80%CF%81%CE%BF%CF%8A%CF%8C%CE%BD%CF%84%CE%B1/magic-the-gathering/277923-magic-the-gathering-outlaws-of-thunder-junction-commander-deck-most-wanted"

"efantasy","Magic the Gathering - The Brothers' War
Bundle","44,99€","Διαθέσιμα: 2","https://www.efantasy.gr/el/%CF%80%CF%81%CE%BF%CF%8A%CF%8C%CE%BD%CF%84%CE%B1/magic-the-gathering/212733-magic-the-gathering-the-brothers-war-bundle"

"efantasy","Magic the Gathering - Phyrexia: All Will Be One
Commander Deck (Rebellion Rising)","49,99€","Διαθέσιμα: 1","https://www.efantasy.gr/el/%CF%80%CF%81%CE%BF%CF%8A%CF%8C%CE%BD%CF%84%CE%B1/magic-the-gathering/222392-magic-the-gathering-phyrexia-all-will-be-one-commander-deck-rebellion-rising"

"efantasy","Magic the Gathering - Pioneer Challenger Deck 2022:
Dimir Control","49,99€","Διαθέσιμα: 1","https://www.efantasy.gr/el/%CF%80%CF%81%CE%BF%CF%8A%CF%8C%CE%BD%CF%84%CE%B1/magic-the-gathering/210172-magic-the-gathering-pioneer-challenger-deck-2022-dimir-control"

"efantasy","Magic the Gathering - Pioneer Challenger Deck 2022:
Orzhov Humans","49,99€","Διαθέσιμα: 1","https://www.efantasy.gr/el/%CF%80%CF%81%CE%BF%CF%8A%CF%8C%CE%BD%CF%84%CE%B1/magic-the-gathering/210173-magic-the-gathering-pioneer-challenger-deck-2022-orzhov-humans"

"efantasy","Magic the Gathering Beyond Booster - Assassin's
Creed","6,99€","Διαθέσιμα: 10+","https://www.efantasy.gr/el/%CF%80%CF%81%CE%BF%CF%8A%CF%8C%CE%BD%CF%84%CE%B1/magic-the-gathering/278883-magic-the-gathering-beyond-booster-assassins-creed"

"efantasy","Magic the Gathering Collector Booster - Duskmourn:
House of Horror","25,00€","Διαθέσιμα: 1","https://www.efantasy.gr/el/%CF%80%CF%81%CE%BF%CF%8A%CF%8C%CE%BD%CF%84%CE%B1/magic-the-gathering/298881-magic-the-gathering-collector-booster-duskmourn-house-of-horror"

"efantasy","Magic the Gathering Collector Booster - Streets of New
Capenna","24,99€","Διαθέσιμα: 1","https://www.efantasy.gr/el/%CF%80%CF%81%CE%BF%CF%8A%CF%8C%CE%BD%CF%84%CE%B1/magic-the-gathering/199083-magic-the-gathering-collector-booster-streets-of-new-capenna"

"efantasy","Magic the Gathering Draft Booster Box (36 boosters) -
Lost Caverns of Ixalan","129,00€","Διαθέσιμα: 1","https://www.efantasy.gr/el/%CF%80%CF%81%CE%BF%CF%8A%CF%8C%CE%BD%CF%84%CE%B1/magic-the-gathering/251836-magic-the-gathering-draft-booster-box-36-boosters-lost-caverns-of-ixalan"

"efantasy","Magic the Gathering Draft Booster Box (36 boosters) -
March of the Machine","144,00€","Διαθέσιμα: 1","https://www.efantasy.gr/el/%CF%80%CF%81%CE%BF%CF%8A%CF%8C%CE%BD%CF%84%CE%B1/magic-the-gathering/220190-magic-the-gathering-draft-booster-box-36-boosters-march-of-the-machine"

"efantasy","Magic the Gathering Play Booster - Duskmourn: House of
Horror","4,99€","Διαθέσιμα: 10+","https://www.efantasy.gr/el/%CF%80%CF%81%CE%BF%CF%8A%CF%8C%CE%BD%CF%84%CE%B1/magic-the-gathering/298885-magic-the-gathering-play-booster-duskmourn-house-of-horror"

"efantasy","Magic the Gathering Booster - Jumpstart
2022","4,99€","Διαθέσιμα: 9","https://www.efantasy.gr/el/%CF%80%CF%81%CE%BF%CF%8A%CF%8C%CE%BD%CF%84%CE%B1/magic-the-gathering/215986-magic-the-gathering-booster-jumpstart-2022"

"efantasy","Magic the Gathering Collector Booster - Murders at
Karlov Manor","25,00€","Διαθέσιμα: 7","https://www.efantasy.gr/el/%CF%80%CF%81%CE%BF%CF%8A%CF%8C%CE%BD%CF%84%CE%B1/magic-the-gathering/263782-magic-the-gathering-collector-booster-murders-at-karlov-manor"

"efantasy","Magic the Gathering Collector Booster - Dominaria
Remastered","29,99€","Διαθέσιμα: 7","https://www.efantasy.gr/el/%CF%80%CF%81%CE%BF%CF%8A%CF%8C%CE%BD%CF%84%CE%B1/magic-the-gathering/218619-magic-the-gathering-collector-booster-dominaria-remastered"

"efantasy","Magic the Gathering Play Booster - Modern Horizons
3","10,00€","Διαθέσιμα: 9","https://www.efantasy.gr/el/%CF%80%CF%81%CE%BF%CF%8A%CF%8C%CE%BD%CF%84%CE%B1/magic-the-gathering/278465-magic-the-gathering-play-booster-modern-horizons-3"

"efantasy","Magic the Gathering Set Booster - The Lord of the
Rings: Tales of Middle-Earth","7,99€","Διαθέσιμα: 4","https://www.efantasy.gr/el/%CF%80%CF%81%CE%BF%CF%8A%CF%8C%CE%BD%CF%84%CE%B1/magic-the-gathering/223817-magic-the-gathering-set-booster-the-lord-of-the-rings-tales-of-middle-earth"

"efantasy","Magic the Gathering Play Booster - Murders at Karlov
Manor","4,99€","Διαθέσιμα: 10+","https://www.efantasy.gr/el/%CF%80%CF%81%CE%BF%CF%8A%CF%8C%CE%BD%CF%84%CE%B1/magic-the-gathering/267032-magic-the-gathering-play-booster-murders-at-karlov-manor"

"efantasy","Magic the Gathering Play Booster - Outlaws of Thunder
Junction","4,99€","Διαθέσιμα: 9","https://www.efantasy.gr/el/%CF%80%CF%81%CE%BF%CF%8A%CF%8C%CE%BD%CF%84%CE%B1/magic-the-gathering/277897-magic-the-gathering-play-booster-outlaws-of-thunder-junction"

"efantasy","Magic the Gathering Play Booster Box (30 boosters) -
Aetherdrift","149,99€","Διαθέσιμα: Προπαραγγελία","https://www.efantasy.gr/el/%CF%80%CF%81%CE%BF%CF%8A%CF%8C%CE%BD%CF%84%CE%B1/magic-the-gathering/330212-magic-the-gathering-play-booster-box-30-boosters-aetherdrift"

"efantasy","Magic the Gathering Play Booster -
Aetherdrift","4,99€","Διαθέσιμα: Προπαραγγελία","https://www.efantasy.gr/el/%CF%80%CF%81%CE%BF%CF%8A%CF%8C%CE%BD%CF%84%CE%B1/magic-the-gathering/330214-magic-the-gathering-play-booster-aetherdrift"

"efantasy","Magic the Gathering Collector Booster Box (12
boosters) - Aetherdrift","279,99€","Διαθέσιμα: Προπαραγγελία","https://www.efantasy.gr/el/%CF%80%CF%81%CE%BF%CF%8A%CF%8C%CE%BD%CF%84%CE%B1/magic-the-gathering/330208-magic-the-gathering-collector-booster-box-12-boosters-aetherdrift"

"efantasy","Magic the Gathering Collector Booster -
Aetherdrift","25,00€","Διαθέσιμα: Προπαραγγελία","https://www.efantasy.gr/el/%CF%80%CF%81%CE%BF%CF%8A%CF%8C%CE%BD%CF%84%CE%B1/magic-the-gathering/330210-magic-the-gathering-collector-booster-aetherdrift"

"efantasy","Magic the Gathering - Aetherdrift Commander Deck
(Living Energy)","49,99€","Διαθέσιμα: Προπαραγγελία","https://www.efantasy.gr/el/%CF%80%CF%81%CE%BF%CF%8A%CF%8C%CE%BD%CF%84%CE%B1/magic-the-gathering/330914-magic-the-gathering-aetherdrift-commander-deck-living-energy"

"efantasy","Magic the Gathering - Aetherdrift Commander Deck Set
of 2","99,99€","Διαθέσιμα: Προπαραγγελία","https://www.efantasy.gr/el/%CF%80%CF%81%CE%BF%CF%8A%CF%8C%CE%BD%CF%84%CE%B1/magic-the-gathering/330204-magic-the-gathering-aetherdrift-commander-deck-set-of-2"

"efantasy","Magic the Gathering - Aetherdrift Bundle (Finish Line
Edition)","79,99€","Διαθέσιμα: Προπαραγγελία","https://www.efantasy.gr/el/%CF%80%CF%81%CE%BF%CF%8A%CF%8C%CE%BD%CF%84%CE%B1/magic-the-gathering/330202-magic-the-gathering-aetherdrift-bundle-finish-line-edition"

"efantasy","Magic the Gathering - Aetherdrift Bundle","53,99€","Διαθέσιμα: Προπαραγγελία","https://www.efantasy.gr/el/%CF%80%CF%81%CE%BF%CF%8A%CF%8C%CE%BD%CF%84%CE%B1/magic-the-gathering/330200-magic-the-gathering-aetherdrift-bundle"

"efantasy","Magic the Gathering - Modern Horizons 3 Commander Deck
(Graveyard Overdrive)","69,99€","Διαθέσιμα: 10+","https://www.efantasy.gr/el/%CF%80%CF%81%CE%BF%CF%8A%CF%8C%CE%BD%CF%84%CE%B1/magic-the-gathering/278469-magic-the-gathering-modern-horizons-3-commander-deck-graveyard-overdrive"

"efantasy","Magic the Gathering - Modern Horizons 3 Commander Deck
(Tricky Terrain)","69,99€","Διαθέσιμα: 10+","https://www.efantasy.gr/el/%CF%80%CF%81%CE%BF%CF%8A%CF%8C%CE%BD%CF%84%CE%B1/magic-the-gathering/278471-magic-the-gathering-modern-horizons-3-commander-deck-tricky-terrain"

"efantasy","Magic the Gathering Play Booster Box (36 boosters) -
Outlaws of Thunder Junction","179,99€","Διαθέσιμα: 3","https://www.efantasy.gr/el/%CF%80%CF%81%CE%BF%CF%8A%CF%8C%CE%BD%CF%84%CE%B1/magic-the-gathering/277901-magic-the-gathering-play-booster-box-36-boosters-outlaws-of-thunder-junction"

"efantasy","Magic the Gathering Draft Booster Box (36 boosters) -
Kamigawa: Neon Dynasty","144,00€","Διαθέσιμα: 1","https://www.efantasy.gr/el/%CF%80%CF%81%CE%BF%CF%8A%CF%8C%CE%BD%CF%84%CE%B1/magic-the-gathering/193374-magic-the-gathering-draft-booster-box-36-boosters-kamigawa-neon-dynasty"

"efantasy","Magic The Gathering - Secret Lair: Borderless
Planeswalkers (Foil Edition)","59,99€","Διαθέσιμα: 2","https://www.efantasy.gr/el/%CF%80%CF%81%CE%BF%CF%8A%CF%8C%CE%BD%CF%84%CE%B1/magic-the-gathering/225424-magic-the-gathering-secret-lair-borderless-planeswalkers-foil-edition"

"efantasy","Magic the Gathering Collector Booster Box (12
boosters) - Dominaria Remastered","359,99€","Διαθέσιμα: 1","https://www.efantasy.gr/el/%CF%80%CF%81%CE%BF%CF%8A%CF%8C%CE%BD%CF%84%CE%B1/magic-the-gathering/217506-magic-the-gathering-collector-booster-box-12-boosters-dominaria-remastered"

"efantasy","Magic the Gathering Set Booster Box (30 boosters) -
The Lord of the Rings: Tales of Middle-Earth","239,00€","Διαθέσιμα: 10+","https://www.efantasy.gr/el/%CF%80%CF%81%CE%BF%CF%8A%CF%8C%CE%BD%CF%84%CE%B1/magic-the-gathering/223816-magic-the-gathering-set-booster-box-30-boosters-the-lord-of-the-rings-tales-of-middle-earth"

"efantasy","Magic the Gathering Draft Booster Box (36 boosters) -
Dominaria Remastered","249,99€","Διαθέσιμα: 3","https://www.efantasy.gr/el/%CF%80%CF%81%CE%BF%CF%8A%CF%8C%CE%BD%CF%84%CE%B1/magic-the-gathering/217504-magic-the-gathering-draft-booster-box-36-boosters-dominaria-remastered"

"efantasy","Magic the Gathering Play Booster Box (36 boosters) -
Modern Horizons 3","360,00€","Διαθέσιμα: 6","https://www.efantasy.gr/el/%CF%80%CF%81%CE%BF%CF%8A%CF%8C%CE%BD%CF%84%CE%B1/magic-the-gathering/278463-magic-the-gathering-play-booster-box-36-boosters-modern-horizons-3"

"efantasy","Magic the Gathering Play Booster Box (36 boosters) -
Duskmourn: House of Horror","179,99€","Διαθέσιμα: 3","https://www.efantasy.gr/el/%CF%80%CF%81%CE%BF%CF%8A%CF%8C%CE%BD%CF%84%CE%B1/magic-the-gathering/298883-magic-the-gathering-play-booster-box-36-boosters-duskmourn-house-of-horror"

"efantasy","Magic the Gathering Collector Booster Box (12
boosters) - Innistrad Remastered","319,90€","Διαθέσιμα: 10+","https://www.efantasy.gr/el/%CF%80%CF%81%CE%BF%CF%8A%CF%8C%CE%BD%CF%84%CE%B1/magic-the-gathering/321344-magic-the-gathering-collector-booster-box-12-boosters-innistrad-remastered"

"efantasy","Magic the Gathering Play Booster - Innistrad
Remastered","6,99€","Διαθέσιμα: 10+","https://www.efantasy.gr/el/%CF%80%CF%81%CE%BF%CF%8A%CF%8C%CE%BD%CF%84%CE%B1/magic-the-gathering/321342-magic-the-gathering-play-booster-innistrad-remastered"

"efantasy","Magic the Gathering Play Booster Box (36 boosters) -
Innistrad Remastered","209,00€","Διαθέσιμα: 10+","https://www.efantasy.gr/el/%CF%80%CF%81%CE%BF%CF%8A%CF%8C%CE%BD%CF%84%CE%B1/magic-the-gathering/321340-magic-the-gathering-play-booster-box-36-boosters-innistrad-remastered"

"efantasy","Magic the Gathering - Dominaria United Commander Deck
(Painbow)","49,99€","Διαθέσιμα: 1","https://www.efantasy.gr/el/%CF%80%CF%81%CE%BF%CF%8A%CF%8C%CE%BD%CF%84%CE%B1/magic-the-gathering/209298-magic-the-gathering-dominaria-united-commander-deck-painbow"

"efantasy","Magic the Gathering Draft Booster - The Brothers'
War","3,99€","Διαθέσιμα: 3","https://www.efantasy.gr/el/%CF%80%CF%81%CE%BF%CF%8A%CF%8C%CE%BD%CF%84%CE%B1/magic-the-gathering/212735-magic-the-gathering-draft-booster-the-brothers-war"

"efantasy","Magic the Gathering Set Booster - The Brothers'
War","4,99€","Διαθέσιμα: 10+","https://www.efantasy.gr/el/%CF%80%CF%81%CE%BF%CF%8A%CF%8C%CE%BD%CF%84%CE%B1/magic-the-gathering/212737-magic-the-gathering-set-booster-the-brothers-war"

"efantasy","Magic the Gathering Play Booster -
Bloomburrow","4,99€","Διαθέσιμα: 10+","https://www.efantasy.gr/el/%CF%80%CF%81%CE%BF%CF%8A%CF%8C%CE%BD%CF%84%CE%B1/magic-the-gathering/278895-magic-the-gathering-play-booster-bloomburrow"

"efantasy","Magic the Gathering Beyond Booster Box (24 boosters) -
Assassin's Creed","167,99€","Διαθέσιμα: 5","https://www.efantasy.gr/el/%CF%80%CF%81%CE%BF%CF%8A%CF%8C%CE%BD%CF%84%CE%B1/magic-the-gathering/278881-magic-the-gathering-beyond-booster-box-24-boosters-assassins-creed"

"efantasy","Magic the Gathering Jumpstart Booster - March of the
Machine","5,99€","Διαθέσιμα: 3","https://www.efantasy.gr/el/%CF%80%CF%81%CE%BF%CF%8A%CF%8C%CE%BD%CF%84%CE%B1/magic-the-gathering/220187-magic-the-gathering-jumpstart-booster-march-of-the-machine"

"efantasy","Magic the Gathering Epilogue Booster Box (24 boosters)
- March of the Machine: The Aftermath","119,99€","Διαθέσιμα: 1","https://www.efantasy.gr/el/%CF%80%CF%81%CE%BF%CF%8A%CF%8C%CE%BD%CF%84%CE%B1/magic-the-gathering/228312-magic-the-gathering-epilogue-booster-box-24-boosters-march-of-the-machine-the-aftermath"

"efantasy","Magic the Gathering Jumpstart Booster - The Brothers'
War","5,99€","Διαθέσιμα: 3","https://www.efantasy.gr/el/%CF%80%CF%81%CE%BF%CF%8A%CF%8C%CE%BD%CF%84%CE%B1/magic-the-gathering/212741-magic-the-gathering-jumpstart-booster-the-brothers-war"

"efantasy","Magic the Gathering Jumpstart Booster Box (18
boosters) - The Brothers' War","109,99€","Διαθέσιμα: 2","https://www.efantasy.gr/el/%CF%80%CF%81%CE%BF%CF%8A%CF%8C%CE%BD%CF%84%CE%B1/magic-the-gathering/212740-magic-the-gathering-jumpstart-booster-box-18-boosters-the-brothers-war"

"efantasy","Magic the Gathering Jumpstart Booster - Phyrexia: All
Will Be One","5,99€","Διαθέσιμα: 2","https://www.efantasy.gr/el/%CF%80%CF%81%CE%BF%CF%8A%CF%8C%CE%BD%CF%84%CE%B1/magic-the-gathering/215991-magic-the-gathering-jumpstart-booster-phyrexia-all-will-be-one"

"efantasy","Magic the Gathering - Foundations Beginner
Box","26,99€","Διαθέσιμα: 10+","https://www.efantasy.gr/el/%CF%80%CF%81%CE%BF%CF%8A%CF%8C%CE%BD%CF%84%CE%B1/magic-the-gathering/307363-magic-the-gathering-foundations-beginner-box"

"efantasy","Magic the Gathering Collector Booster Box (12
boosters) - Outlaws of Thunder Junction","299,99€","Διαθέσιμα: 6","https://www.efantasy.gr/el/%CF%80%CF%81%CE%BF%CF%8A%CF%8C%CE%BD%CF%84%CE%B1/magic-the-gathering/277903-magic-the-gathering-collector-booster-box-12-boosters-outlaws-of-thunder-junction"

"efantasy","Magic the Gathering Collector Booster - Outlaws of
Thunder Junction","25,00€","Διαθέσιμα: 8","https://www.efantasy.gr/el/%CF%80%CF%81%CE%BF%CF%8A%CF%8C%CE%BD%CF%84%CE%B1/magic-the-gathering/277909-magic-the-gathering-collector-booster-outlaws-of-thunder-junction"

"efantasy","Magic the Gathering - Bloomburrow Starter
Kit","19,99€","Διαθέσιμα: 5","https://www.efantasy.gr/el/%CF%80%CF%81%CE%BF%CF%8A%CF%8C%CE%BD%CF%84%CE%B1/magic-the-gathering/278897-magic-the-gathering-bloomburrow-starter-kit"

"efantasy","Magic the Gathering - Fallout Commander Deck
(Science!)","59,99€","Διαθέσιμα: 7","https://www.efantasy.gr/el/%CF%80%CF%81%CE%BF%CF%8A%CF%8C%CE%BD%CF%84%CE%B1/magic-the-gathering/256916-magic-the-gathering-fallout-commander-deck-science"

"efantasy","Magic the Gathering - Fallout Commander Deck (Scrappy
Survivors)","59,99€","Διαθέσιμα: 1","https://www.efantasy.gr/el/%CF%80%CF%81%CE%BF%CF%8A%CF%8C%CE%BD%CF%84%CE%B1/magic-the-gathering/256920-magic-the-gathering-fallout-commander-deck-scrappy-survivors"

"efantasy","Magic the Gathering - Modern Horizons 3 Commander Deck
(Creative Energy)","69,99€","Διαθέσιμα: 10+","https://www.efantasy.gr/el/%CF%80%CF%81%CE%BF%CF%8A%CF%8C%CE%BD%CF%84%CE%B1/magic-the-gathering/278475-magic-the-gathering-modern-horizons-3-commander-deck-creative-energy"

"efantasy","Magic the Gathering - Outlaws of Thunder Junction
Commander Deck (Desert Bloom)","49,99€","Διαθέσιμα: 3","https://www.efantasy.gr/el/%CF%80%CF%81%CE%BF%CF%8A%CF%8C%CE%BD%CF%84%CE%B1/magic-the-gathering/277911-magic-the-gathering-outlaws-of-thunder-junction-commander-deck-desert-bloom"

"efantasy","Magic the Gathering - Karlov Manor: Ravnica Cluedo
Edition","74,99€","Διαθέσιμα: 2","https://www.efantasy.gr/el/%CF%80%CF%81%CE%BF%CF%8A%CF%8C%CE%BD%CF%84%CE%B1/magic-the-gathering/266324-magic-the-gathering-karlov-manor-ravnica-cluedo-edition"

"efantasy","Magic the Gathering Collector Booster - Commander
Masters","89,00€","Διαθέσιμα: 4","https://www.efantasy.gr/el/%CF%80%CF%81%CE%BF%CF%8A%CF%8C%CE%BD%CF%84%CE%B1/magic-the-gathering/233332-magic-the-gathering-collector-booster-commander-masters"

"efantasy","Magic the Gathering - March of the Machine Commander
Deck (Tinker Time)","49,99€","Διαθέσιμα: 1","https://www.efantasy.gr/el/%CF%80%CF%81%CE%BF%CF%8A%CF%8C%CE%BD%CF%84%CE%B1/magic-the-gathering/224140-magic-the-gathering-march-of-the-machine-commander-deck-tinker-time"

"efantasy","Magic the Gathering - Murders at Karlov Manor Bundle","59,99€","Διαθέσιμα: 6","https://www.efantasy.gr/el/%CF%80%CF%81%CE%BF%CF%8A%CF%8C%CE%BD%CF%84%CE%B1/magic-the-gathering/263772-magic-the-gathering-murders-at-karlov-manor-bundle"

"efantasy","Magic the Gathering Collector Booster - Dominaria
United","25,00€","Διαθέσιμα: 1","https://www.efantasy.gr/el/%CF%80%CF%81%CE%BF%CF%8A%CF%8C%CE%BD%CF%84%CE%B1/magic-the-gathering/207414-magic-the-gathering-collector-booster-dominaria-united"

"efantasy","Magic the Gathering Epilogue Booster - March of the
Machine: The Aftermath","4,99€","Διαθέσιμα: 10+","https://www.efantasy.gr/el/%CF%80%CF%81%CE%BF%CF%8A%CF%8C%CE%BD%CF%84%CE%B1/magic-the-gathering/228313-magic-the-gathering-epilogue-booster-march-of-the-machine-the-aftermath"

"efantasy","Magic the Gathering Collector Booster - Doctor
Who","25,00€","Διαθέσιμα: 3","https://www.efantasy.gr/el/%CF%80%CF%81%CE%BF%CF%8A%CF%8C%CE%BD%CF%84%CE%B1/magic-the-gathering/248300-magic-the-gathering-collector-booster-doctor-who"

"efantasy","Magic the Gathering Set Booster - Commander
Masters","25,00€","Διαθέσιμα: 2","https://www.efantasy.gr/el/%CF%80%CF%81%CE%BF%CF%8A%CF%8C%CE%BD%CF%84%CE%B1/magic-the-gathering/233328-magic-the-gathering-set-booster-commander-masters"

"efantasy","Magic the Gathering Collector Booster - March of the
Machine: The Aftermath","19,99€","Διαθέσιμα: 4","https://www.efantasy.gr/el/%CF%80%CF%81%CE%BF%CF%8A%CF%8C%CE%BD%CF%84%CE%B1/magic-the-gathering/228311-magic-the-gathering-collector-booster-march-of-the-machine-the-aftermath"

"efantasy","Magic the Gathering - Aetherdrift Commander Deck
(Eternal Might)","49,99€","Διαθέσιμα: 0","https://www.efantasy.gr/el/%CF%80%CF%81%CE%BF%CF%8A%CF%8C%CE%BD%CF%84%CE%B1/magic-the-gathering/330916-magic-the-gathering-aetherdrift-commander-deck-eternal-might"

"efantasy","Magic the Gathering - Modern Horizons 3 Collector's
Commander Deck (Eldrazi Incursion)","149,99€","Διαθέσιμα: 0","https://www.efantasy.gr/el/%CF%80%CF%81%CE%BF%CF%8A%CF%8C%CE%BD%CF%84%CE%B1/magic-the-gathering/278485-magic-the-gathering-modern-horizons-3-collectors-commander-deck-eldrazi-incursion"

"fantasy-shop","AJANI BOLAS PHUNNY","€16,00","Not Fetched","https://www.fantasy-shop.gr/en/ajani-bolas-phunny.html"

"fantasy-shop","Arena Starter Kit 2021","€9,99","Not Fetched","https://www.fantasy-shop.gr/en/arena-starter-kit-2021.html"

"fantasy-shop","Assassin's Creed Beyond Booster","€7,00","Not Fetched","https://www.fantasy-shop.gr/en/assassins-creed-beyond-booster.html"

"fantasy-shop","Assassin's Creed Bundle","€64,99","Not Fetched","https://www.fantasy-shop.gr/en/assassins-creed-bundle.html"

"fantasy-shop","Assassin's Creed Collector Booster","€26,99","Not Fetched","https://www.fantasy-shop.gr/en/assassins-creed-collector-booster.html"

"fantasy-shop","Assassin's Creed Starter Kit","€19,99","Not Fetched","https://www.fantasy-shop.gr/en/assassins-creed-starter-kit.html"

"fantasy-shop","Bloomburrow Bundle","€59,99","Not Fetched","https://www.fantasy-shop.gr/en/bloomburrow-bundle.html"

"fantasy-shop","Bloomburrow Collector Booster","€24,99","Not Fetched","https://www.fantasy-shop.gr/en/bloomburrow-collector-booster.html"

"fantasy-shop","Bloomburrow Commander Deck Animated Army","€44,99","Not Fetched","https://www.fantasy-shop.gr/en/bloomburrow-commander-deck-animated-army.html"

"fantasy-shop","Bloomburrow Commander Deck Family Matters","€44,99","Not Fetched","https://www.fantasy-shop.gr/en/bloomburrow-commander-deck-family-matters.html"

"fantasy-shop","Bloomburrow Commander Deck Peace Offering","€44,99","Not Fetched","https://www.fantasy-shop.gr/en/bloomburrow-commander-deck-peace-offering.html"

"fantasy-shop","Bloomburrow Commander Deck Squirreled Away","€44,99","Not Fetched","https://www.fantasy-shop.gr/en/bloomburrow-commander-deck-squirreled-away.html"

"fantasy-shop","Bloomburrow Play Booster","€5,00","Not Fetched","https://www.fantasy-shop.gr/en/bloomburrow-play-booster.html"

"fantasy-shop","Bloomburrow Prerelease Pack","€29,99","Not Fetched","https://www.fantasy-shop.gr/en/bloomburrow-prerelease-pack.html"

"fantasy-shop","Bloomburrow Starter Kit","€19,99","Not Fetched","https://www.fantasy-shop.gr/en/bloomburrow-starter-kit.html"

"fantasy-shop","Brothers War Draft Booster","€4,00","Not Fetched","https://www.fantasy-shop.gr/en/brothers-war-draft-booster.html"

"fantasy-shop","Challenger Deck 2022 Dimir Control","€34,99","Not Fetched","https://www.fantasy-shop.gr/en/challenger-deck-2022-dimir-control.html"

"fantasy-shop","Challenger Deck 2022 Gruul Stompy","€34,99","Not Fetched","https://www.fantasy-shop.gr/en/challenger-deck-2022-gruul-stompy.html"

"fantasy-shop","Challenger Deck 2022 Mono White Aggro","€34,99","Not Fetched","https://www.fantasy-shop.gr/en/challenger-deck-2022-mono-white-aggro.html"

"fantasy-shop","Challenger Deck 2022 Rakdos Vampires","€34,99","Not Fetched","https://www.fantasy-shop.gr/en/challenger-deck-2022-rakdos-vampires.html"

"fantasy-shop","CHANDRA PHUNNY","€16,00","Not Fetched","https://www.fantasy-shop.gr/en/chandra-phunny.html"

"fantasy-shop","Commander Collection Black (Regular)","€59,99","Not Fetched","https://www.fantasy-shop.gr/en/commander-collection-black-regular.html"

"fantasy-shop","Commander Masters Draft Booster","€17,99","Not Fetched","https://www.fantasy-shop.gr/en/commander-masters-draft-booster.html"

"fantasy-shop","Commander Masters Enduring Enchantments","€99,00","Not Fetched","https://www.fantasy-shop.gr/en/commander-masters-enduring-enchantments.html"

"fantasy-shop","Commander Masters Plainswalker Party","€99,00","Not Fetched","https://www.fantasy-shop.gr/en/commander-masters-planetary-party.html"

"fantasy-shop","Commander Masters Set Booster","€24,99","Not Fetched","https://www.fantasy-shop.gr/en/commander-masters-set-booster.html"

"fantasy-shop","CORE SET 2021 BOOSTER","€4,00","Not Fetched","https://www.fantasy-shop.gr/en/core-set-2021-booster.html"

"fantasy-shop","Doctor Who Commander Deck Blast from the Past","€59,99","Not Fetched","https://www.fantasy-shop.gr/en/doctor-who-commander-deck-blast-from-the-past.html"

"fantasy-shop","Doctor Who Commander Deck Masters of Evil","€59,99","Not Fetched","https://www.fantasy-shop.gr/en/doctor-who-commander-deck-masters-of-evil.html"

"fantasy-shop","Doctor Who Commander Deck Paradox Power","€59,99","Not Fetched","https://www.fantasy-shop.gr/en/doctor-who-commander-deck-paradox-power.html"

"fantasy-shop","Doctor Who Commander Deck Timey-Wimey","€59,99","Not Fetched","https://www.fantasy-shop.gr/en/doctor-who-commander-deck-timey-wimey.html"

"fantasy-shop","Dominaria United Collector Booster","€24,99","Not Fetched","https://www.fantasy-shop.gr/en/dominaria-united-collector-booster.html"

"fantasy-shop","Dominaria United Commander Deck - Legend's Legacy","€49,99","Not Fetched","https://www.fantasy-shop.gr/en/dominaria-united-commander-deck-legends-legacy.html"

"fantasy-shop","Dominaria United Commander Deck - Painbow","€49,99","Not Fetched","https://www.fantasy-shop.gr/en/dominaria-united-commander-deck-painbow.html"

"fantasy-shop","Dominaria United Draft Booster","€4,00","Not Fetched","https://www.fantasy-shop.gr/en/dominaria-united-draft-booster.html"

"fantasy-shop","Dominaria United Jumpstart Booster","€6,00","Not Fetched","https://www.fantasy-shop.gr/en/dominaria-united-jumpstart-booster.html"

"fantasy-shop","Dominaria United Set Booster","€5,00","Not Fetched","https://www.fantasy-shop.gr/en/dominaria-united-set-booster.html"

"fantasy-shop","Duskmourn Bundle","€59,99","Not Fetched","https://www.fantasy-shop.gr/en/duskmourn-bundle.html"

"fantasy-shop","Duskmourn Collector Booster","€29,99","Not Fetched","https://www.fantasy-shop.gr/en/duskmourn-collector-booster.html"

"fantasy-shop","Duskmourn Commander Deck - Jump Scare!","€49,99","Not Fetched","https://www.fantasy-shop.gr/en/duskmourn-commander-deck-jump-scare.html"

"fantasy-shop","Duskmourn Play Booster","€5,00","Not Fetched","https://www.fantasy-shop.gr/en/duskmourn-play-booster.html"

"fantasy-shop","Duskmourn: House of Horrors Nightmare Bundle","€79,99","Not Fetched","https://www.fantasy-shop.gr/en/duskmourn-house-of-horrors-nightmare-bundle.html"

"fantasy-shop","Fallout Commander Deck Hail, Caesar","€59,99","Not Fetched","https://www.fantasy-shop.gr/en/fallout-commander-deck-hail-caesar.html"

"fantasy-shop","Fallout Commander Deck Mutant Menace","€59,99","Not Fetched","https://www.fantasy-shop.gr/en/fallout-commander-deck-mutant-menace.html"

"fantasy-shop","Fallout Commander Deck Science!","€59,99","Not Fetched","https://www.fantasy-shop.gr/en/fallout-commander-deck-science.html"

"fantasy-shop","Fallout Commander Deck Scrapy Survivors","€59,99","Not Fetched","https://www.fantasy-shop.gr/en/fallout-commander-deck-scrappy-survivors.html"

"fantasy-shop","Foundations Beginner Box","€32,99","Not Fetched","https://www.fantasy-shop.gr/en/mtg-foundations-beginner-box.html"

"fantasy-shop","Foundations Bundle","€59,99","Not Fetched","https://www.fantasy-shop.gr/en/mtg-foundations-bundle.html"

"fantasy-shop","Foundations Collector Booster","€29,99","Not Fetched","https://www.fantasy-shop.gr/en/foundations-collector-booster.html"

"fantasy-shop","Foundations Jumpstart 2025 Booster","€5,99","Not Fetched","https://www.fantasy-shop.gr/en/mtg-foundations-jumpstart-2025-booster.html"

"fantasy-shop","Foundations Play Booster","€5,00","Not Fetched","https://www.fantasy-shop.gr/en/mtg-foundations-play-booster.html"

"fantasy-shop","Foundations Starter Collection","€66,99","Not Fetched","https://www.fantasy-shop.gr/en/mtg-foundations-starter-collection.html"

"fantasy-shop","GARRUK PHUNNY","€16,00","Not Fetched","https://www.fantasy-shop.gr/en/garruk-phunny.html"

"fantasy-shop","Gideon Jura","€14,99","Not Fetched","https://www.fantasy-shop.gr/en/gideon-jura.html"

"fantasy-shop","Jumpstart Booster 2022","€6,00","Not Fetched","https://www.fantasy-shop.gr/en/jumpstart-booster-2022.html"

"fantasy-shop","Karlov Manor Bundle","€59,99","Not Fetched","https://www.fantasy-shop.gr/en/karlov-manor-bundle.html"

"fantasy-shop","Karlov Manor Collector Booster","€24,99","Not Fetched","https://www.fantasy-shop.gr/en/karlov-manor-collector-booster.html"

"fantasy-shop","Karlov Manor Commander Deck  - Revenant Recon","€49,99","Not Fetched","https://www.fantasy-shop.gr/en/karlov-manor-commander-deck-revenant-recon.html"

"fantasy-shop","Karlov Manor Commander Deck - Blame Game","€49,99","Not Fetched","https://www.fantasy-shop.gr/en/karlov-manor-commander-deck-blame-game.html"

"fantasy-shop","Karlov Manor Commander Deck - Deadly Disguise","€49,99","Not Fetched","https://www.fantasy-shop.gr/en/karlov-manor-commander-deck-deadly-disguise.html"

"fantasy-shop","Karlov Manor Commander Deck - Deep Clue Sea","€49,99","Not Fetched","https://www.fantasy-shop.gr/en/karlov-manor-commander-deck-deep-clue-sea.html"

"fantasy-shop","Karlov Manor Play Booster","€4,99","Not Fetched","https://www.fantasy-shop.gr/en/karlov-manor-play-booster.html"

"fantasy-shop","Karlov Manor Prerelease Pack","€29,99","Not Fetched","https://www.fantasy-shop.gr/en/karlov-manor-prerelease-pack.html"

"fantasy-shop","Land Station 2022","€19,99","Not Fetched","https://www.fantasy-shop.gr/en/land-station-2022.html"

"fantasy-shop","Lost Caverns of Ixalan Bundle Gift Edition","€59,99","Not Fetched","https://www.fantasy-shop.gr/en/lost-caverns-of-ixalan-bundle-gift-edition.html"

"fantasy-shop","Lost Caverns of Ixalan Collector Booster","€24,99","Not Fetched","https://www.fantasy-shop.gr/en/lost-caverns-of-ixalan-collector-booster.html"

"fantasy-shop","Lost Caverns of Ixalan Deck - Ahoy Mates","€49,99","Not Fetched","https://www.fantasy-shop.gr/en/lost-caverns-of-ixalan-deck-ahoy-mates.html"

"fantasy-shop","Lost Caverns of Ixalan Deck - Blood Rites","€49,99","Not Fetched","https://www.fantasy-shop.gr/en/lost-caverns-of-ixalan-deck-blood-rites.html"

"fantasy-shop","Lost Caverns of Ixalan Deck - Explorers of the Deep","€49,99","Not Fetched","https://www.fantasy-shop.gr/en/lost-caverns-of-ixalan-deck-explorers-of-the-deep.html"

"fantasy-shop","Lost Caverns of Ixalan Deck - Veloci-Ramp-Tor","€49,99","Not Fetched","https://www.fantasy-shop.gr/en/lost-caverns-of-ixalan-deck-veloci-ramp-tor.html"

"fantasy-shop","Lost Caverns of Ixalan Deck Bundle","€44,99","Not Fetched","https://www.fantasy-shop.gr/en/lost-caverns-of-ixalan-bundle.html"

"fantasy-shop","Lost Caverns of Ixalan Draft Booster","€4,00","Not Fetched","https://www.fantasy-shop.gr/en/lost-caverns-of-ixalan-draft-booster.html"

"fantasy-shop","Lost Caverns of Ixalan Set Booster","€5,00","Not Fetched","https://www.fantasy-shop.gr/en/lost-caverns-of-ixalan-set-booster.html"

"fantasy-shop","Magic Oversized Loyalty Dice 22mm Forest (4)","€11,99","Not Fetched","https://www.fantasy-shop.gr/en/magic-oversized-loyalty-dice-22mm-green-4.html"

"fantasy-shop","Magic Oversized Loyalty Dice 22mm Island (4)","€11,99","Not Fetched","https://www.fantasy-shop.gr/en/magic-oversized-loyalty-dice-22mm-island-4.html"

"fantasy-shop","Magic Oversized Loyalty Dice 22mm Mountain (4)","€11,99","Not Fetched","https://www.fantasy-shop.gr/en/magic-oversized-loyalty-dice-22mm-mountain-4.html"

"fantasy-shop","Magic Oversized Loyalty Dice 22mm Plains (4)","€11,99","Not Fetched","https://www.fantasy-shop.gr/en/magic-oversized-loyalty-dice-22mm-plains-2.html"

"fantasy-shop","Magic Oversized Loyalty Dice 22mm Swamp (4)","€11,99","Not Fetched","https://www.fantasy-shop.gr/en/magic-oversized-loyalty-dice-22mm-swamp-4.html"

"fantasy-shop","Magic the Gathering Doctor Who  - Collector Booster","€24,99","Not Fetched","https://www.fantasy-shop.gr/en/doctor-who-collector-booster.html"

"fantasy-shop","March of the Machine - The Aftermath Bundle","€40,00","Not Fetched","https://www.fantasy-shop.gr/en/march-of-the-machine-the-aftermath-bundle.html"

"fantasy-shop","March of the Machine Draft Booster","€4,00","Not Fetched","https://www.fantasy-shop.gr/en/march-of-the-machine-draft-booster.html"

"fantasy-shop","March of the Machine Set Booster","€5,00","Not Fetched","https://www.fantasy-shop.gr/en/march-of-the-machine-set-booster.html"

"fantasy-shop","Modern Horizons 3 Bundle","€94,99","Not Fetched","https://www.fantasy-shop.gr/en/modern-horizons-3-bundle.html"

"fantasy-shop","Modern Horizons 3 Bundle Gift Edition","€109,99","Not Fetched","https://www.fantasy-shop.gr/en/modern-horizons-3-bundle-gift-edition.html"

"fantasy-shop","Modern Horizons 3 Collector Booster","€39,99","Not Fetched","https://www.fantasy-shop.gr/en/modern-horizons-3-collector-booster.html"

"fantasy-shop","Modern Horizons 3 Collector's Deck - Creative Energy","€149,99","Not Fetched","https://www.fantasy-shop.gr/en/modern-horizons-3-collectors-deck-creative-energy.html"

"fantasy-shop","Modern Horizons 3 Collector's Deck - Eldrazi Incursion","€149,99","Not Fetched","https://www.fantasy-shop.gr/en/modern-horizons-3-collectors-deck-eldrazi-incursion.html"

"fantasy-shop","Modern Horizons 3 Collector's Deck - Graveyard Overdrive","€149,99","Not Fetched","https://www.fantasy-shop.gr/en/modern-horizons-3-collectors-deck-graveyard-overdrive.html"

"fantasy-shop","Modern Horizons 3 Collector's Deck - Tricky Terrain","€149,99","Not Fetched","https://www.fantasy-shop.gr/en/modern-horizons-3-collectors-deck-tricky-terrain.html"

"fantasy-shop","Modern Horizons 3 Deck - Creative Energy","€69,99","Not Fetched","https://www.fantasy-shop.gr/en/modern-horizons-3-deck-creative-energy.html"

"fantasy-shop","Modern Horizons 3 Deck - Eldrazi Incursion","€69,99","Not Fetched","https://www.fantasy-shop.gr/en/modern-horizons-3-deck-eldrazi-incursion.html"

"fantasy-shop","Modern Horizons 3 Deck - Graveyard Overdrive","€69,99","Not Fetched","https://www.fantasy-shop.gr/en/modern-horizons-3-deck-graveyard-overdrive.html"

"fantasy-shop","Modern Horizons 3 Deck - Tricky Terrain","€69,99","Not Fetched","https://www.fantasy-shop.gr/en/modern-horizons-3-deck-tricky-terrain.html"

"fantasy-shop","Modern Horizons 3 Play Booster","€9,99","Not Fetched","https://www.fantasy-shop.gr/en/modern-horizons-3-play-booster.html"

"fantasy-shop","Modern Horizons 3 Prerelease Pack","€59,99","Not Fetched","https://www.fantasy-shop.gr/en/modern-horizons-3-prerelease-pack.html"

"fantasy-shop","New Capenna Theme Booster - The Brokers","€7,99","Not Fetched","https://www.fantasy-shop.gr/en/new-capenna-theme-booster-the-brokers.html"

"fantasy-shop","New Capenna Theme Booster - The Cabaretti","€7,99","Not Fetched","https://www.fantasy-shop.gr/en/new-capenna-theme-booster-the-cabaretti.html"

"fantasy-shop","New Capenna Theme Booster - The Maestros","€7,99","Not Fetched","https://www.fantasy-shop.gr/en/new-capenna-theme-booster-the-maestros.html"

"fantasy-shop","New Capenna Theme Booster - The Riveteers","€7,99","Not Fetched","https://www.fantasy-shop.gr/en/new-capenna-theme-booster-the-riveteers.html"

"fantasy-shop","NICOL BOLAS PHUNNY","€16,00","Not Fetched","https://www.fantasy-shop.gr/en/nicol-bolas-phunny.html"

"fantasy-shop","Phyrexia All Will Be One Commander Deck Corrupting Influence","€49,99","Not Fetched","https://www.fantasy-shop.gr/en/phyrexia-all-will-be-one-commander-deck-corrupting-influence.html"

"fantasy-shop","Phyrexia All Will Be One Commander Deck Rebellion Rising","€49,99","Not Fetched","https://www.fantasy-shop.gr/en/phyrexia-all-will-be-one-commander-deck-rebellion-rising.html"

"fantasy-shop","Phyrexia All Will Be One Compleat Bundle","€80,00","Not Fetched","https://www.fantasy-shop.gr/en/phyrexia-all-will-be-one-compleat-bundle.html"

"fantasy-shop","Phyrexia All Will Be One Jumpstart Booster","€5,99","Not Fetched","https://www.fantasy-shop.gr/en/phyrexia-all-will-be-one-jumpstart-booster.html"

"fantasy-shop","Pioneer Challenger Deck Dimir Control","€49,99","Not Fetched","https://www.fantasy-shop.gr/en/pioneer-challenger-deck-dimir-control.html"

"fantasy-shop","Pioneer Challenger Deck Gruul Stompy","€49,99","Not Fetched","https://www.fantasy-shop.gr/en/pioneer-challenger-deck-gruul-stompy.html"

"fantasy-shop","Pioneer Challenger Deck Izzet Phoenix","€49,99","Not Fetched","https://www.fantasy-shop.gr/en/pioneer-challenger-deck-izzet-phoenix.html"

"fantasy-shop","Pioneer Challenger Deck Orzhov Humans","€49,99","Not Fetched","https://www.fantasy-shop.gr/en/pioneer-challenger-deck-orzhov-humans.html"

"fantasy-shop","Ravinca Remastered Collector Booster","€29,99","Not Fetched","https://www.fantasy-shop.gr/en/ravnica-remastered-collector-booster.html"

"fantasy-shop","Ravnica Cluedo Edition","€69,99","Not Fetched","https://www.fantasy-shop.gr/en/ravnica-cluedo-edition.html"

"fantasy-shop","Ravnica Remastered Draft Booster","€6,99","Not Fetched","https://www.fantasy-shop.gr/en/ravnica-remastered-draft-booster.html"

"fantasy-shop","Sarkhan Vol","€14,99","Not Fetched","https://www.fantasy-shop.gr/en/sarkhan-vol.html"

"fantasy-shop","Secret Lair Boarderless Planeswalkers","€54,99","Not Fetched","https://www.fantasy-shop.gr/en/secret-lair-boarderless-planeswalkers.html"

"fantasy-shop","Secret Lair Calling All Hydra Heads","€59,99","Not Fetched","https://www.fantasy-shop.gr/en/secret-lair-calling-all-hydra-heads.html"

"fantasy-shop","Tales of Middle Earth Deck - Elven Council","€45,00","Not Fetched","https://www.fantasy-shop.gr/en/tales-of-middle-earth-deck-elven-council.html"

"fantasy-shop","Tales of Middle Earth Deck - Riders of Rohan","€60,00","Not Fetched","https://www.fantasy-shop.gr/en/tales-of-middle-earth-deck-riders-of-rohan.html"

"fantasy-shop","Tales of Middle Earth Deck - The Hosts of Mordor","€66,00","Not Fetched","https://www.fantasy-shop.gr/en/tales-of-middle-earth-deck-the-hosts-of-mordor.html"

"fantasy-shop","Tales Of Middle Earth Draft Booster","€6,00","Not Fetched","https://www.fantasy-shop.gr/en/tales-of-middle-earth-draft-booster.html"

"fantasy-shop","Tales Of Middle Earth Set Booster","€8,00","Not Fetched","https://www.fantasy-shop.gr/en/tales-of-middle-earth-set-booster.html"

"fantasy-shop","Tales Of Middle Earth Starter Kit","€22,00","Not Fetched","https://www.fantasy-shop.gr/en/tales-of-middle-earth-starter-kit.html"

"fantasy-shop","Tales of Middle-Earth Holiday Scene Box - Aragorn at Helms Deep","€39,99","Not Fetched","https://www.fantasy-shop.gr/en/tales-of-middle-earth-holiday-scene-box-aragorn-at-helms-deep.html"

"fantasy-shop","Tales of Middle-Earth Holiday Scene Box - Gandalf in the Pelennor Fields","€39,99","Not Fetched","https://www.fantasy-shop.gr/en/tales-of-middle-earth-holiday-scene-box-gandalf-in-the-pelennor-fields.html"

"fantasy-shop","Tales of Middle-Earth Holiday Scene Box - The Might of Galadriel","€39,99","Not Fetched","https://www.fantasy-shop.gr/en/tales-of-middle-earth-holiday-scene-box-the-might-of-galadriel.html"

"fantasy-shop","Thunder Junction Bundle","€59,99","Not Fetched","https://www.fantasy-shop.gr/en/thunder-junction-bundle.html"

"fantasy-shop","Thunder Junction Collector Booster","€24,99","Not Fetched","https://www.fantasy-shop.gr/en/thunder-junction-collector-booster.html"

"fantasy-shop","Thunder Junction Commander Deck - Desert Bloom","€49,99","Not Fetched","https://www.fantasy-shop.gr/en/thunder-junction-commander-deck-desert-bloom.html"

"fantasy-shop","Thunder Junction Commander Deck - Grand Larceny","€49,99","Not Fetched","https://www.fantasy-shop.gr/en/thunder-junction-commander-deck-grand-larceny.html"

"fantasy-shop","Thunder Junction Commander Deck - Most Wanted","€49,99","Not Fetched","https://www.fantasy-shop.gr/en/thunder-junction-commander-deck-most-wanted.html"

"fantasy-shop","Thunder Junction Commander Deck - Quick Draw","€49,99","Not Fetched","https://www.fantasy-shop.gr/en/thunder-junction-commander-deck-quick-draw.html"

"fantasy-shop","Thunder Junction Play Booster","€4,99","Not Fetched","https://www.fantasy-shop.gr/en/thunder-junction-play-booster.html"

"fantasy-shop","Unfinity Draft Booster","€4,00","Not Fetched","https://www.fantasy-shop.gr/en/unfinity-draft-booster.html"

"fantasy-shop","Warhammer 40K Deck Forces of the Imperium","€55,00","Not Fetched","https://www.fantasy-shop.gr/en/warhammer-40k-deck-forces-of-the-imperium.html"

"fantasy-shop","Warhammer 40K Deck Necron Dynasties","€55,00","Not Fetched","https://www.fantasy-shop.gr/en/warhammer-40k-deck-necron-dynasties.html"

"fantasy-shop","Wilds Of Eldraine Bundle","€44,99","Not Fetched","https://www.fantasy-shop.gr/en/wilds-of-eldraine-bundle.html"

"fantasy-shop","Wilds Of Eldraine Collector Booster","€24,99","Not Fetched","https://www.fantasy-shop.gr/en/wilds-of-eldraine-collector-booster.html"

"fantasy-shop","Wilds Of Eldraine Commander Deck - Fae Dominion","€49,99","Not Fetched","https://www.fantasy-shop.gr/en/wilds-of-eldraine-commander-deck-fae-dominion.html"

"fantasy-shop","Wilds Of Eldraine Commander Deck - Virtue And Valor","€49,99","Not Fetched","https://www.fantasy-shop.gr/en/wilds-of-eldraine-commander-deck-virtue-and-valor.html"

"fantasy-shop","Wilds Of Eldraine Draft Booster","€4,00","Not Fetched","https://www.fantasy-shop.gr/en/wilds-of-eldraine-draft-booster.html"

"fantasy-shop","Wilds Of Eldraine Set Booster","€5,00","Not Fetched","https://www.fantasy-shop.gr/en/wilds-of-eldraine-set-booster.html"

"fantasy-shop","Wilds Of Eldraine Starter Kit","€19,99","Not Fetched","https://www.fantasy-shop.gr/en/wilds-of-eldraine-starter-kit.html"
